0,0.0060103,0.010106,0.0023884,0.008012,0.0042711,0,0,0.0041035,0,0,0.0018297,0.0024376,0.0034761,0.004963,0
0,0.0060634,0.0094678,0.0096164,0.0034367,0.0028751,0,0,0,0.0024233,0,0,0,0.0088811,0,0
0.015666,0.00372,0.015928,0,0.034532,0.0034553,0.00082922,0.0032693,0.00096671,0,0.014388,0,0.0012094,0.0055764,0.01141,0.0057613
0,0.01295,0.01984,0.00061452,0,0.0029675,0.0037912,0.015196,0.0019595,0,0.0034326,0.0053118,0.0025732,0.009332,0.0064943,0
0,0,0.003397,0.0014568,0.0086249,0.0105,0,0.0013823,0.0048464,0,0.016793,0,0.0069335,0.009302,0,0
0,0.004191,0.0037889,0.0018917,0.0066944,0.00098533,0.0011769,0.006624,0.0068055,0,0.0017099,0,0.014473,0,0.0033195,0.0014791
0,0,0,0,0,0.00040407,0.0029459,0,0,0.0054775,0.9697,0.0081393,0,0,0,0.010722
0.0019896,0,0.085866,0.0078296,0,0.00522,0.0046811,0.0042257,0,0,0,0.0025994,0.0036044,0,0.00041375,0.0087873
0.0099282,0,0.04559,0,0.0020484,0.028779,0,0,0,0,0.082146,0,0.0043036,0,0.020409,0
0.0020584,0.0023367,0.0048959,0,0,0,0.00050386,0,0,0,0,0,0,0,0.00090517,0.001051
0.0055981,0.018737,0.024921,0.0011466,0.014181,0.0071272,0,0,0,0,0.0040119,0,0.0028343,0.0045789,0,0.0028983
0.0009351,0,0.0051419,0,0.0024277,0.012631,0,0.00068882,0.0078461,0.0023363,0.0053446,0,0,0,0.0042862,0
0,0,0.078285,0,0.0027107,0.00015425,0.0041337,0,0,0.0050129,0,0,0.0010939,0,0,0.0048112
0.019038,0.0024282,0.029691,0,0,0.018819,0.004636,0.01104,0.008578,0,0.026326,0.0019181,0.013464,0.0026965,0.016349,0
0.0010017,0.0083171,0.019837,0.00097967,0.011499,0.00096722,0.0024309,0,0.0014083,0.001262,0,0,0.0045807,0.001219,0,0.0037294
0,0.0024507,0.013777,0,0.0049637,0.0044475,0.0021895,0.0069585,0,0.0069147,0,0,0.0038513,0.0073157,0.0038358,0
0,0.0021217,0.011501,0.0028708,0.0031291,0,0.0022278,0.014436,0.0058005,0.0029556,0.0031261,0,0,0,0,0
0,0,0.0036847,0.003053,0.017584,0,0.0016553,0.0066296,0.0083543,0.00080579,0.0063705,0.0010631,0,0,0,0
0,0,0.087934,0.011706,0,0,0,0,0,0,0,0.0081885,0,0,0,0.0054415
0,0,0.010449,0.015027,0.012011,0,0.00092377,0.0038347,0,0.003037,0.0076403,0.0014893,0.002411,0,0.0037653,0
0.00065922,0,0.088813,0.0025755,0,0.00029233,0.0061613,0.0019207,0.00017449,0.0021199,0.011236,0.01087,0,0,0,0.0049311
0.00059064,0,0.0049296,0.014319,0.0080156,0.0134,0.0027444,0,0.0017443,0,0.0041112,0,0,0.004148,0.027154,0
0,0.0032447,0.0095918,0,0,0,0.0016032,0.0051208,0,0.0014886,0.0039395,0.00095356,0.0036772,0,0.0051433,0.0017396
0.0054242,0,0.0097093,0.0027014,0,0,0.0020131,0,0,0,0.0053754,0.00073671,0,0.0078427,0.00036486,0.0019986
0.005451,0.016536,0.09152,0,0,0,0.0037496,0.021537,0,0.00098157,0.0071154,0.0055964,0.015687,0.013514,0.010943,0.0035468
0.017313,0.0082659,0.0074065,0.010853,0.0067738,0.00049352,0,0.007583,0.0026541,0,0.014906,0,0.0058851,0.0019404,0,0
0,0.0033101,0.00609,0,0,0.0034113,0.0008994,0,0,0.00035795,0,0.00061581,0.003809,0.0047572,0,0.0012182
0.0060367,0.0052198,0.0062124,0,0.0020303,0.012079,0,0.005141,0.012434,0,0.020288,0.0026298,0.0020683,0,0,0
0.0027269,0.0021099,0.032011,0,0.010225,0.0075222,0,0,0.0021826,0.0007993,0.0076072,0,0.01282,0,0,0
0.0088338,4.0575e-05,0.0061641,0,0.0017211,0.014065,0,0.0075546,0.0061415,0.0036538,0.014511,0.0027807,0,0.0035198,0.010822,0.00015696
0.0021713,0.0025465,0.088019,0.00051408,0,0,0.0041425,0.0075546,0.0017475,0.0057109,0,0.0028518,0,0,0.00085619,0.0088685
0.012883,0,0.002045,0.0027552,0,0,0,0.0077539,0.0030529,0,0,0,0,0,0.0069384,0.001785
0.0032618,0,0.077585,0.0015555,0,0,0.001284,0.005042,0,0.0071984,0,0,0,0,0.0021509,0.0065621
0.0049403,0.0047593,0.062675,0.0047627,0.0025724,0,0,0,0,0,0,0,0,0.0019489,0,0.0031867
0.012166,0,0.077587,0,0.00037672,0.0015549,0.0030377,0,0,0.0040393,0,0.0098742,0,0,0.0020738,0.0069833
0.0035853,0.0035538,0.033638,0.013244,0.0099629,0.0066834,0.0025831,0.0027838,0.016213,0.0037081,0.0060967,0.0065786,0.0076861,0,0.00032891,0
0.0049498,0,0.0088973,0.011537,0,0,0.0021686,0,0,0,0,0,0,0,0,0.0026621
0.0061686,0.0054943,0.0086092,0,0,0.00014222,0.0013049,0,0,0.002357,0,0.00092967,0,0,0.0077142,0.0010194
0,0.0064979,0.017411,0.019176,0.010126,0.001761,0,0.009182,0,0.0034991,0.0019795,0,0,0,0,0.0048046
0.0075895,0,0.091247,0.00060872,0,0,0.0037922,0,0,0,0,0.0085655,0.0011573,0.0072452,0,0
0.014723,0.0092677,0.06859,0.0023699,0,0,0,0,0,0,0,3.232e-05,0,0.015164,0,0
0.0037122,0,0.05699,0,0,0,0.0025855,0,0,0.0012548,0,0.0059491,0,0.0035385,0,0.0044937
0,0,0,0.005898,0,0,0.0013142,0,0,0.0032804,0,0.0054092,0,0,0,0
0,0,0.0032391,0,0,0.00043404,0.00037018,0,0,0.0014664,0.00053014,0,0,0.0074569,0,8.3904e-05
0.0031899,0,0.012586,0,0.00041087,0.0028168,0.0014549,0,0.0017304,0.0039872,0,0,0,0.0063596,0.0052358,0.0023725
0,0.022867,0.026057,0.0011949,0,0,0,0.010086,0.0066468,0,0.012973,0,0.00070865,0.013719,0.013951,0
0.0019273,0.0065195,0.015576,0.0068766,0.0035222,0.014472,0,0.015505,0,0,0.0087597,0,0.011287,0.0080256,0,0
0.010264,0.0032572,0.0051797,0,0.0011576,0,0.0021979,0.00069242,0.0081609,0.0014096,0.0059601,0,0.0030257,0.003308,0,0
0.0051202,0.002616,0.077897,0.014052,0.010341,0.0075432,0.0018597,0,0.0042059,0,0,0.0033808,0.024716,0.021313,0,0
0,0,0,0,0,0.97748,0.0031319,0,0,0.0029049,0,0.0095689,0,0,0,0.011606
0,0.0075843,0.0021887,0.0019078,0.00039424,0.0003111,0,0.0058556,0.011134,0.00086013,0.0060595,0.0011901,0,0,0,0
0.0036977,0.00038916,0.010084,0,0.00087799,0.00035983,0.0025358,0.0032642,0.010239,0,0.010761,0.0011058,0,0,0,0
0.0074513,0.011944,0.021172,0.006711,0.019229,0.0018672,0.0052096,0.0081825,0.0022213,0.0039608,0.012624,0.004552,0.014099,0.0094225,0.0021832,0.0025044
0.0014564,0.0097198,0.062126,0.0032982,0.0010298,0,0,0,0,0,0,0.0085147,0.0014227,0.014329,0,0.0061003
0.0084604,0,0.0098664,0.0086213,0,0.00094009,0,0,0.00041399,0,0,0,0,0.0067889,0,0.0027552
0.0071544,0.0020558,0.073395,0,0,0,0.0040996,0.00038705,0,0.0038874,0,0.0081211,0,0,0.0043308,0.0057893
0.0024203,0,0.071766,0,0.00054372,0.0027073,0.0039902,0,0.00072598,0.0020464,8.3548e-05,0.0090644,0.0020538,0,0,0.0010473
0,0.0084329,0.085765,0.012044,0,0,0.0020419,0,0,0,0,0.0087906,0,0.0013341,0,0.0091533
0.00051612,0.0004437,0.029643,0.006542,0.0022343,0.0039824,0.0040966,0.0022528,0,0.0018996,0,0,0,0.0064773,0,0
0.0031892,0.030206,0.010037,0,0,0.0036528,0,0.042408,0.00023386,0.0068671,0.010325,0,0.002529,0,0.0022786,0
0.0074161,0.00874,0.089036,0,0.0063976,0.0054226,0.0029179,0.0050154,0.00042973,0,0,0,0.0034682,0.0076013,0,0
0,0,0.066216,0,0,0,0.00042707,0,0.00013446,0.0019102,0,0.0066223,0,0,0,0
0,0.016301,0.019956,0.0061118,0,0.042129,0,0.011828,0.0095157,0,0,0.0040703,0.002811,0,0,0
0.0076807,0,0.072076,0.030089,0,0.0017377,0,0,0,0,0.014388,0,0.008994,0.025088,0.021196,0
0.0079197,0,0.061177,0,0,0.0011995,0.003517,0,0,0,0,0.0052517,0,0.0045962,0,0.0010461
0.0030617,0,0.0099134,0.0068634,0.003038,0.0064923,0.0017157,0.0011519,0.0059798,0.0021856,0.020778,0.0015547,0.0072562,0.0056406,0.0037167,0
0.0033243,0,0.0024322,0,0.0055035,0.0067348,0,0,0.0014593,0.001219,0.010714,0.0014072,0.0030315,0.0050572,0,0.0015325
9.5711e-05,0.00049924,0.012244,0.0046222,0.0042578,0.016801,0,0,0.0044212,0,0.035739,0,0.00061827,0.0017305,0,0
0,0,0.044253,0,0.0023735,0,0.0023286,0,0,0.0024348,0,0.0036304,0.0036779,0.0035977,0.0078895,0.00083455
0.015566,0,0.074532,0.013676,0.014483,0.0037763,0,0.0013541,0,0,0.002558,0.00099587,0.0019988,0,0,0
0.00064355,0.0048695,0.010146,0.0089873,0.021445,0.015375,0,0.0047049,0,0.0045575,0.0051481,0,0.010171,0.0070611,0.0089477,0.00057714
0.0038126,0,0.076645,0,0.0027414,0.00055583,0.004391,0.00033518,0.0025636,0.0019278,0,0.0086225,0,0,0,0.0057952
0.0089995,0,0.018371,0.00095347,0.0042857,0.0055667,0,0,0,0,0.0095901,0,0.007052,0.00098305,0,0
0,0.0055423,0.010295,0,0,0,0.0019686,0,0.0030143,0,0,0.00056064,0,0.015535,0.016261,0.0018079
0.0021656,0.0011151,0.0037086,0.015269,0,0,0.0017662,0.0074032,0.0028512,0,0.0075661,0,0,0,0.0073781,0.0017978
0.0013181,0.014076,0.020835,0.0058085,0.0015743,0,0.0041674,0.0017852,0.00011778,0,0.00021576,0,0,0.0023319,0,0
0.0037665,0,0.093485,0.013894,0,0,0,0.0070439,0.00015432,0.005201,0,0.0016951,0,0,0,0.0058324
0.024338,0,0.16671,0,0.031415,0,0.0053019,0.02012,0,0,0.026422,0,0.0043499,0,0.0076484,0
0.017243,2.8487e-05,0.053043,0.00090373,0,0.02673,0.0030687,0,0.00823,0,0,0.0091009,0.017679,0.015123,0.0072238,0
0,0,0.01047,0.0018292,0.0144,0.0040238,0,0.0046643,0,0,0,0,0,0.0056236,0.011452,0.0031967
0.0069097,0,0.067786,0,0.0067273,0.00081522,0,0.013021,0.0084248,0,0.010748,0,0.010084,0.0020628,0,0
0.010462,0.018845,0.028479,0.0061968,0.00019358,0.012364,0,0,0.011743,0,0.016311,0,0.03647,0.0031375,0.0054444,0
0.0041689,0,0.0006138,0.0036759,0,0,0,0.0053264,0,0.00084303,0,0.00070756,0,0.0055355,0,0.0003889
0,0,0.010252,0.0073788,0.0053554,0,0,0,0.001194,0,0,0.0012803,0.0022586,0.0034374,0.016385,0
0.020069,0.011233,0.091105,0.0026654,0.0084,0.011391,0.0045682,0.0083062,0.0027983,0.009509,0.011051,0.015488,0,0.010771,0.0091375,0
0.00025156,0.012211,0.011432,0.0036843,0.019394,0,0,0.005766,0.0065032,0,0,0,0,0.0075451,0.0033498,0
0.0098575,0.00011928,0.010825,0,0.015568,0,0,0.0044105,0.0076064,0.0028877,0.0058709,0,0.013829,0,0,0
0.0051651,0.0020636,0.057305,0,0.0068076,0,0,0.0081902,0.00054099,0,0.0026562,0.0073385,0.0015995,0,0.016534,0
0.0078579,0,0.010473,0.020332,0.022604,0.040869,0,0,0.024054,0,0.039494,0,0.0049533,0.0048232,0.033301,0.0029453
0.0078723,0.0038319,0.10062,0.0082796,0,0,0,0,0.015869,0.0022554,0,0.0012999,0.0025502,0.0038129,0.020972,0.0026624
0.0036097,0.0018041,0.023752,0.0068185,0,0,0.0045309,0.011962,0.002458,0.0014402,0.0075934,0.0048636,0,0.014987,0,0.0057082
0,0.0043679,0.083831,0,0.010202,0,0,0,0,0.0026638,0,0.0089117,0,0.0013274,0,0.0052223
0.00016496,0.0038129,0.0038541,0.0098435,0.0049553,0.012392,0.0030321,0.025293,0.0078882,0,0,0,0.024801,0,0.0054152,0
0.0063635,0.0025583,0.071848,0,0.0009097,0.00052211,0,0,0.00070057,0.0016421,0,0.0087282,0.002356,0,0,0.0033124
0,0.0097977,0.0070464,0.00034435,0.0029739,0.020924,0,0.028104,0,0.018049,0,0,0,0.010067,0.020314,0
0.0049136,0.0012964,0.0050228,0.0058019,0.016518,0.018245,0,0.004358,0.00054624,0.0048151,0.010754,0,0.0059886,0,0.010077,1.2687e-05
0.017939,0.0096464,0.0054,0.00099557,0,0,0.0025554,0.0068852,0.0025293,0,0,0.003022,0,0.0041319,0.012085,0
0,0,0,0,0,0,0.00060105,0,0.99288,0.00045791,0,0.0019094,0.00022517,0,0,0.0031929
0,0.0010278,0.0048808,0,0.0028934,0.0057317,0,0.0034574,0.0084597,0,0.0075214,0.000246,0,0,0,0
0,0.0036153,0.029424,0,0.0047095,0,0.0040111,0.0022083,0.0055345,0,0.0065339,0,0,0,0.0046024,0.0012164
0,0.0011484,0.089979,0,0,0,0,0,0,0.0012391,0,0.0087253,0,0,0,0.0072608
0.0046834,0,0.099747,0,0.015222,0,0.0032713,0.023145,0.0060009,0,0.0027087,0.0044798,0,0,0,0.0094688
0,0,0.014513,0.0077159,0,0.0048201,0.002368,0.012893,0,0.00084524,0,0.0025448,0,0.0045876,0,0
0.0069009,0.0086211,0.0098157,0.0012067,0.024204,0.0016329,0,0.0035793,0.0002354,0,0.013005,0.0030385,0.0015656,0.0049653,0,0.004437
0.00011348,0.00039871,0.07388,0,0,0,0.00083532,0,0.00076253,0,0.00070583,0.0071378,0.0063645,0.0061483,0.0014056,0
0.0058559,0.0084305,0.011956,0,0.0089113,0.0082289,0,0,0.0079544,0.011355,0.0044945,0,0.0052733,0.011772,0.017732,0.0041734
0,0.0097205,0.016973,0.0036935,0.0048268,0,0.0033444,0.0053059,0,0.0028658,0.0039499,0.003287,0.0038059,0,0.0055796,0.0046844
0.0082107,0.0087171,0.00096415,0.0055906,0,0,0,0.0043823,0.0013988,0.0026549,0.0039365,0.0026724,0.0023659,0,0.0069144,0.0022808
0.0040623,0,0.042882,0,0,0.00014451,0,0,0.0015118,0.0040342,0.00084459,0,0.0051509,0.0011892,0.0068731,0
0.0069087,0.0017785,0.025966,0,0,0.022018,0,0.0057143,0.0049349,0.00039299,0.012439,0,0.02665,0.02725,0.014697,0
0,0.0031697,0.022882,0,0,0.0015504,0.0031307,0,0,0,0,0,0.0051015,0.0080288,0,0.0036054
0.0031811,0,0.0072155,0,0,0.002025,0.0010772,0.013797,0.0024292,0.00090775,0,0.0012812,0,0,0,0.0002644
0.0045121,0.0077899,0.014678,0.0019367,0.0047887,0,0.0033477,0.0074058,0,0,0.010716,0.00098954,0.0066842,0,0.0046683,0.00017674
0.010389,0,0.0025557,0.0041393,0,0,0.0013516,0.0041437,0,0.0027622,0,0.0018859,0,0.023591,0.0082046,0.0019883
0,0,0,0,0,0,0.00070031,0,0,0.12679,0,0,0,0,0.97567,0.0034327
0,0,0.064962,0.003096,0.00032261,0.00096543,0,0,0,0,0,0,0,0,0,0.0022452
0.011693,0.021007,0.080386,0,0.003901,0,0.0078006,0.00078829,0.001898,0.0038258,0.0013321,0.012305,0.0023201,0,0.0045993,0
0.024389,0,0.045577,0.00067534,0.0040034,0.015938,0.0047909,0.014536,0.002499,0,0.048027,0,0.0064465,0.0070639,0.0097586,0
0.030181,0,0.075469,0,0.0063589,0,0,0,0.0038508,0,0.0048528,0.010636,0,0,0,0.0027184
0,0.002171,0.0019418,0,0.0012661,0.00049086,0.00081747,0.0060905,0.0065352,0.00040508,0.0065387,0.00065405,0,0,0,0
0.0056352,0,0.082658,0.0072747,0,0,0.0057478,0.00098643,0,0.0029007,0.0059608,0.0085942,0.0042945,0,0,0.006005
0,0.0031671,0.0076384,0,0.00012103,0.0036063,0.0004837,0,0,0,0,0,0.0040383,0,0,0.00099969
0,0.0021136,0.0056045,0.0054846,0.012116,0,0.0019519,0.0066347,0,0,0.0047327,0.0016715,0,0.0060998,0,0.0022271
0.0085888,0.0024619,0.097889,0.0040963,0.002037,0.0041412,0.0026812,0,0.0090082,0,0,0.012965,0.0057528,0.004878,0,0.0052245
0.0034545,0.0031445,0.10969,0.014682,0.019481,0.0042317,0,0,0,0.0094799,0,0,0.0016539,0,0,0.011459
0.011592,0.0074751,0.043903,0.025796,0.0012376,0.0039684,0.0098227,0.00056114,0.0068432,0,0.00087087,0,0.0049823,0.015354,0.011478,0
0,0,0.11142,0.0035567,0.025354,0.0062634,0,0,0.0068096,0,0,0,0.0041179,0.0091542,0,0
0.0081803,0,0.079937,0,0,0,0,0,0,0,0.0031463,0.0091846,0,0,0.004162,0.0074607
0,0.015447,0.015408,0,0.018637,0.0010085,0,0.0021004,0.0053253,0.0019658,0.026973,0,0.010042,0.0089742,0.020748,0
0,0,0.0029729,0.0050852,0,0,0.00046818,0,0.01254,0,0,0,0.010026,0,0.011647,0.0007404
0.0097303,0.00095539,0.013365,0.008717,0.048679,0.0032239,0,0.0049115,0.0067839,0.0098048,0.001047,0,0.0086575,0.00052919,0.015489,0.0052204
0.0054628,0.0061997,0.082257,0,0,0,0,0.0070094,0,0,0,0.01119,0,0,0,0
0.0039019,0,0.071343,0,0,0,0.0038462,0,6.5935e-05,0,0,0,0,0.00035413,0,0
0.0021996,0,0.073835,0,0,0.0022458,0,0,0,0.0037327,0.0010808,0.007527,0,0,0.0076166,0.00067163
0,0,0,0,0,0,0.0013521,0,0,0.0018644,0,0.0046454,0.98844,0,0,0.0025457
0.0057264,0.0093343,0.02405,0.00071694,0.011722,0,0,0.021546,0.010057,0,0,0,0.0061923,0.0036953,0.025421,0
0,0.0092973,0.024191,0.0025216,0.0033773,0.015769,0,0.017637,0,0.0042684,0.034106,0.0081177,0.019774,0.0017105,0.03296,0
0.011307,0.01025,0.011953,0,0.015626,0.0035527,0,0.024294,0.0069434,0.0067613,0.0003386,0,0.0071385,0,0,0
0.016464,0.0001686,0.016651,0.013353,0.0085416,0.014548,0,0.0029472,0,0,0.012965,0,0.0029117,0.026845,0.033642,0
0.0091063,0.0022403,0.018632,0,0,0.0074147,0.0030896,0,0.0095783,0.0094054,0,0,0.0035648,0.005846,0.018578,0.0040699
0.0059315,0.0064022,0.010861,0.0043286,0,0,0,0.0023881,0,0,0,0.0021431,0,0,0,0.0026892
0.0035859,0.0073715,0.011328,0.0050344,0.0058505,0.001462,0.0023845,0,0,0.0007041,0,0.0021381,0.0016059,0.0065343,0,0.0028555
0.0069295,0.0031046,0.015032,0.016083,0.016902,0.010016,0,0.0039955,0,0.0018563,0,0,0.0053024,0.044695,0.027359,0.0028978
0,0.0024947,0.0082673,0.011198,0.0045315,0.0058211,0.0022269,0,0.0036513,0.0043657,0.0049491,0,0.0036187,0.0092158,0.010301,0
0,0,0.056687,0,0,0,0.0026365,0,0,0,0,0.0056801,0,0,0.0069497,0.0013029
0,0,0.010473,0.0055728,0.0058714,0,0,0,0,0.00049235,0,0.0013529,0,0.0087304,0,0
0.0010546,0.00013281,0.010828,0.0049517,0.0072068,0.00084328,0,0.0014152,0,0,0.00076436,0,0.003904,0.012751,0,0
0.0039373,0.0043103,0.029616,0.0011688,0,0.0054893,0.0039226,0.0011217,0.0096239,0.0038834,0,0,0,0.01232,0,0
0.0011787,0,0.098971,0.0055246,0.011413,0.001394,0.0089589,0,0,0,0,0.010086,0.0075052,0.0030168,0,0.0049875
0,0.00066974,0.02098,0.0078628,0,0.0061583,0,0.0060247,0,0.00091699,0.0004367,0.0029114,0.00058398,0.012383,0,0.00447
0,0.0018089,0.019133,0,0,0.0039511,0,0.0021482,0,0,0,0.00090144,0.0042772,0.0031142,0,0
0.012621,0,0.073445,0,0,0,0,0.0022578,0,0.0023032,0,0.0088027,0,0,0,0.0039412
0.012079,0,0.067595,0,0.0010753,0.0051392,0.0039925,0,0,0,0,0.0075215,0,0.011014,0.0039557,0.0037575
0.0019698,0,0.0093246,0,0,0.0090222,0,0.0038417,0,0.005665,0.0062854,0,0.0070297,0.0059276,0.0060455,0.00062301
0.0054558,0,0.080395,0.0053552,0,0,0.0057857,0.0070801,0,0.0059532,0,0.010726,0,0,0.0080661,0
0,0,0.014721,0,0.0056168,0,0.001815,0.0072612,0.0024032,0.0028116,0.010601,0.001464,0,0.0076417,0.0060912,0
0.0064348,0,0.03912,0,0,0.0066776,0.00032567,0.030836,0.0012138,0.0018874,0.010002,0,0,0.0068962,0,0
0.01322,0.0077735,0.0041979,0.011957,0.0138,0.042028,0,0.00041983,0,0,0.0074711,0,0.025335,0.023808,0,0
0.0025004,0,0.080378,0,0.0014739,0.0047739,0.0036614,0.019863,0.0022082,0,0,0,0.019173,0,0.0025837,0
0.0033229,0.0038915,0.0089197,0.0047295,0.0048798,0.017014,0.0002441,0.0060849,0.0044167,0,0.018956,0,0,0.011281,0.0025666,0
0.0074284,0,0.0091347,0.0034676,0.003538,0.0082397,0,0.0035868,0,0,0.011435,0.0020708,0,0.0078808,0.0071965,0
0,0.0078467,0.0149,0,0.0017421,0.041954,0,0.0026969,0.015775,0.0055434,0.0093737,0,0,0.0049339,0.0076203,0
0.0011409,0.001272,0.018702,0.0068416,0.0060176,0.0057836,0,0.0225,0,0,0.0080102,0,0.0017343,0.025627,0,0
0.00043881,0.013676,0.012568,0.025252,0.0027774,0.017164,0,0,0.00066363,0,0.044607,0,0.0023315,0.010577,0.009451,0
0.0033305,0,0.011196,0.0043039,0.005821,0.0027979,0.0026338,0.0091331,0.0041006,0,0.0012158,0.0013476,0,0.012824,0,0
0,0.0045036,0.083984,0,0,0.00057008,0,0,0,0.0014107,0,0.0087662,0,0,0,0
0.0058627,0.0079043,0.012076,0.01663,0.016037,0.020893,0,0.0051714,0,0,0.0061706,0,0.010921,0.020602,0,0
0,0,0.0020334,0,0,0,0,0.012727,0,0.0014465,0.0083383,0.0016819,0,0.011127,0,0.00072639
0.015362,0.0029936,0.0026329,0.018019,0.0049725,0.029966,0,0.011711,0,0,0.037313,0,0,0.029809,0.01433,0
0.0030711,0.0045706,0.0069236,0.0047912,0.003219,0.0027152,0.0012256,0,0.0018607,0.0018731,0,0,0,0,0,0
0,0,0.0567,0,0,0.0028378,0,0,0.0027478,0,0,0.0045034,0.0054329,0.0059281,0.00094338,0.0015146
0.0032379,0.0081976,0.01926,0.00022548,0.016699,0,0.0061273,0.034285,0,0,0.00026283,0,0.012556,0.0036514,0.00029229,0
0.00016749,0.0025629,0.0040433,0.0031515,0.00084195,2.5319e-05,0.0029603,0.0015245,0.011274,0.00019145,0.017567,0,0.029085,0.0022447,0.0062974,0
0.022938,0.022645,0.0064851,0,0.0026746,0,0.0049657,0.0072376,0.0062349,0,0.0080194,0,0,0.009037,3.2654e-05,0.0034482
0.0030978,0.0062538,0.0086711,0.0054703,0,0.01043,0,0.0073201,0.0046221,0.0025052,0.02255,0,0.0053889,0,0.020379,0
0.0029262,0.0070376,0.018069,0,0.0087099,0.0045067,0,0.0027922,0.002167,0,0,0,0,0.0045287,0.0023771,0
0,0.0079667,0.0033861,0.0070206,0,0.0059039,0,0.006244,0.012597,0,0.0043037,0.00043138,0.0059386,0,0.00013312,0
0,0.00066565,0.011634,0,0.0064347,0.030483,0,0.0043377,0.005838,0.0041692,0.010799,0,0.0014606,0,0.0012135,0
0.0092693,0,0.075796,0,0,0,0.0051873,0,0,0.0032553,0,0.0091668,0.00035701,0,0.0036448,0
0.0043749,0.007135,0.014429,0.00021015,0.008554,0.011361,0.0069073,0.02765,0.0085263,0,0.056841,0,0,0.016762,0.015825,0
0,0,0.065194,0,0,0.019754,0.0058276,0.0099546,0.00096861,0.0029205,0,0,0,0.010089,0.030233,0
0.011563,0,0.078987,0.0030066,0,0,0.0052493,0,0.00032865,0.0038201,0,0.0093456,0,0.0011409,0.010004,0.005219
0.0025211,0.0019991,0.017875,0,0.0035365,0,0,0.0094282,0,0.0012727,0.0070151,0.0027277,0.0060535,0.0080126,0,0.0038024
0,0.001696,0.068878,0,0,0.0010755,0.0054913,0.004932,0,0,0,0,0,0,0,0.0039482
0,0.0010699,0.0051321,0.0038651,0.0021906,0,0.0019842,0.0085764,0.0077,0.00076316,0.019446,0.0014336,0,0,0,0
0.016975,0.0017768,0.0091515,0.00076489,0.0046814,0,0,0,0.0108,0,0.023085,0,0.001182,0.021293,0,0
0.0022376,0.0072116,0.022435,0.0011069,0.0097341,0.003289,0.0041275,0,0.002313,0,0,0,0.0037039,0.0057599,0,0.00482
0.0028341,0,0,0,2.4443e-05,0,0,0.0042471,0,0,0,0,0,0,0.1242,0.0038094
0.0092169,0,0.074967,0,0,0,0.004466,0.0016062,0.0030877,0.0017591,0.010745,0.0083988,0,0,0,0
0.036904,0.011657,0.11916,0,0,0.038706,0.017587,0.025057,0,0,0,0.007154,0,0.0051719,0,0.0013651
0.010171,0,0.083433,0,0.024655,0,0,0.0011644,0,0,0.0021851,0,0,0.0047766,0.0014424,0.0015188
0,0.0097926,0.013607,0,0.0051797,0.0051844,0,0,0,0,0,9.454e-05,0.01013,0.0085589,0,0
0.012057,0.00012855,0.0094298,0,0.0080739,0,0.0044121,0.014014,0.0043869,0,0.0022559,0,0.0036616,0.0058609,0.0057914,0
0.0052684,0.0088061,0.036955,0.0048875,0.014399,0.023672,0,0.0053549,0.0067104,0,0.0050119,0,0.010441,0.022949,0,0.0010398
0.0011978,0,0.0020159,0,0,0.0005935,0,0.00081485,0.0039792,0,0.0004825,0.0001991,0.0025946,0,0.00017699,0
0.0086996,0.00066437,0.019702,0.0097252,0.0060361,0.0064283,0,0.015426,0.0028438,0,0.0011933,0,0,0.00013483,0.014702,0
0,0.0061204,0.0085871,0,0.0042626,0,0.0024509,0.0059296,0.0072492,0.0041092,0.013999,0,0.0027509,0,0.010987,0
0.014868,0.0049491,0.015469,0,0.0025207,0.0030969,0,0.0032077,0,0,0.011693,0,0.00056512,0.055504,0.001061,0
0.0036033,0.0017875,0.0083671,0.011436,0.0046814,0.0059465,0,0.0067303,0.0045253,0,0.020595,0,0.0091902,0.011012,0.0039516,0
0.0033106,0,0.014348,0.020528,0.014341,0.0044755,0,0,0.0096835,0.0012333,0.0096695,0,0.013235,0.015676,0.001842,0
0.0080809,0,0.053847,0,0,0,0.0026974,0,0,0.0032487,0,0,0,0,0,0
0.0025381,0.0024123,0.01129,0.0033732,0,0,0.0020344,0.0027737,0,0.00070435,0,0.0016503,0.0046597,0.0063749,0,0.0018052
0.00854,0,0.027911,0.0054935,0.0086634,0.0072681,0,0.0032104,0.0042503,0.0089636,0.00012974,0.0031326,0,0.012874,0.015481,0
0.0005373,0,0.070383,0,0.00026812,0.0010699,0,0,0.0041009,0,0.011353,0.0073124,0,0.0097954,0,0
0.011291,0,0.0091098,0.0066924,0.010008,0.0035593,0,0.026617,0,0,0.0023268,0,0.011137,0.021376,0,0
0,0,0.066351,0,0.0029759,0,0.0030485,0,0,0.0030647,0,0,0.0018599,0,0,0.001536
0.010785,0.0227,0.027419,0.0035365,0.0052404,0.0066398,0.0067106,0.022333,0.0015871,0.0043958,0.0056028,0,0,0,0.013374,0.0044076
0.018758,0.01891,0.038758,0,0.00040936,0.011438,0.0023322,0,0.0054564,0,0.014721,0,0.0090302,0.00085585,0,0
0,0,0.097772,0.0049339,0,0,0,0.0096345,0.0006391,0,0,0.0097929,0,0,0,0.0058029
0,0.017292,0.033443,0.0027782,0.0013781,0.0082756,0.00030674,0.0055098,0.00058524,0.0025046,0.00095771,0,0,0.0066477,0,0.00017251
0.004323,0,0.00019515,0,0,0.016282,0.00086084,0,0,0.0020517,0,0.00097854,0.0058236,0.0082166,0.0076954,0
0,0,0.0054709,0.0088692,0.004253,0,0,0,0,0.00066735,0,0.0007123,0.0033435,0.010563,0,0.0015017
0.0034434,0,0.0085387,0,0.0034185,0.0026951,0.0027847,0.013892,0.0026443,0.0015951,0.017303,0.0021959,0.0043645,0,0,0
0.011012,0.006052,0.0079991,0,0.0038227,0,0,0,0.0025386,0.0028338,0,0.0014818,0.014393,0,0.0052866,0
0.0019778,0,0.0082882,0.0044409,0.010768,0.01512,0.0049575,0.011133,0.018391,0,0.038342,0,0.0034662,0.012271,0.012871,0
0,0.00024037,0.064086,0.0024351,0,0,0.0037605,0,0.001688,0,0,0.00016434,0,0,0.0015256,0.0021559
0.0050389,0,0.06065,0,0.010644,0,0.0027703,0,0,0,0,0.0069886,0,0,0,0.0037102
0.0035345,0.0026648,0.013462,0,0,0.0029074,0.0031855,0.018469,0.0097199,0.0046854,0.0074933,0,0.003396,0.0070348,0.0053858,0
0,0,0.072188,0,0.0028445,0,0,0,0,0,0,0.0060921,0.00092133,0,0,0.0052491
0,0.0084348,0.017773,0,0,0.0022027,0.0027176,0.004607,0,0.0021052,0.0033671,0,0,0.0031052,0,0
0,0.0095853,0.0059228,0.0024628,0,0.01516,0,0.0073587,0.0033279,0.0022773,0.0049754,0.0026353,0,0,0.0040257,0
0.0030863,0.00075065,0.0031872,0.001798,0,0.0034706,0,0.0067322,0.00041079,0,0,0,0.0012277,0,0.0029222,0.0017454
0,0.00045846,0.0070083,0.0029159,0.0072265,0.0005942,0.0020248,0.0052411,0.007875,0.0031149,0.0062741,0,0.0025519,0.012817,0,0
0,0,0.015633,0.00083345,0.0068257,0,0,0.0053908,0,0,0.0093649,0.00022879,0,0.012255,0,0
0.006569,0.0012998,0.012926,0.0015593,0,0,0.0021628,0.0033265,0.0017645,0,0.0036038,0.00082543,0,0,0,0
0.0015771,0,0.010179,0.0080399,0.0027168,0.00023314,0.001583,0.00072262,0.0079473,0.00044908,0.0062101,0.00097185,0,0,0,0
0.0036823,0.00066879,0.0078858,0.0028319,0.0030518,0,0,0.0035732,0.0097293,0,0.0063765,0,0,0.0033853,0,0
0.0025236,0.010479,0.012019,0.0090179,0.0061888,0.0073663,0,0.01147,7.292e-05,0,0.0021684,0.0018507,0.0036908,0,0,0
0.0010814,0.0044144,0.085395,0,0,0,0.0049549,0.0023048,0,0,0.0017637,0,0,0,0,0.0046484
0.0033152,0,0.0043221,0,0.0042022,0.002086,0,0.0022871,0.0028217,0.0027442,0.0071663,0,0,0.0081708,0,0
0.013017,0,0.007584,0.0029207,0,0.0057397,0.0030025,0.0045955,0,0,0.0064187,0,0.014095,0,0.0084966,0.0026487
0.002017,0,0.0034759,0.0026645,0.0068239,0.0026315,0,0.0023355,0.0049459,0,0.0012908,0.00040057,0.0026504,0.013163,0.0076968,0
0.0097112,0,0.016196,0.0017265,0.0089213,0,0,0.0026907,0,0,0.0097508,0.00043433,0.0065647,0.0070813,0.0048106,0
0.0040972,0.0084298,0.011452,0.0051088,0,0.023802,0,0.0055767,0,0.006743,0.0081941,0.0053084,0.0015715,0.0072477,0.013896,0
0.0020883,0.98803,0,0,0,0,0.00047959,0.0097637,0,0.001735,0,0.00091055,0,0,0,0
0,0,0.008292,0.0026556,0.002766,0.011405,0,0.0080048,0,0.00092365,0.010425,0,0.0026897,0.023286,0.015213,0
0.00054336,0,0.094595,0.0018676,0,0,0.0015621,0.0054771,0.00029378,0,0,0.0093968,0.00089057,0.00050164,0,0.0049619
0,0.012101,0.008289,0.0082182,0.0030774,0.0066591,0.00036138,0.0047145,0.0065663,0,0.021463,0,0.0066715,0.012731,0.0026469,0
0,0.0066754,0.0040144,0.005525,0.0099813,0.0091567,0.0029293,0.017554,0.015591,0,0.025908,0.0040506,0.0017353,0.0065572,0.0058734,0
0,0.0051797,0.023589,0.0052219,0.0073155,0.000169,0.0046304,0.012142,0.003655,0.0076056,0.0024164,0,0.0019506,0.015499,0.002882,0
0.019461,0.00024405,0.0099113,0,0.0019659,0.0068582,0.0036776,0.0059303,0.00045174,0,0.0084307,0,0,0,0,0
0.03948,0,0.0021354,0.0001603,0.012227,0.050906,0,0,0.0039508,0,0.055993,0,0.0048147,0.008715,0.0048759,0
0.014458,0.002569,0.014592,0.0059531,0.0083661,0.010618,0.0012284,0.0090118,0.0031555,0,0.014623,0,0.019261,0.03159,0,0
0,0,0.0052009,0.0046604,0.0096981,0.010085,0,0,0.0092049,0,0.0049742,0,0,0.0037179,0.013403,0
0,0,0.0088377,0,0.0015023,0.0041829,0,0.0043235,0.0047086,0,0.003207,0,0.0095145,0.0047552,0.0082945,0
0.0044528,0.012909,0.004797,0.0093259,0.018443,0.0006569,0,0,0.00079086,0,0.00099938,0,0.0032146,0.0061578,0,0
0.0037942,0,0.071357,0,0,0.0031173,0.0051794,0,0,0.0017299,0,0.0082836,0,0.011724,0,0.0038696
0,0.00098042,0.014703,0,0.0056886,0,0.002594,0.0085671,0.00078339,0.00036104,0.0023177,0.0013679,0.0029611,0.0034986,0,0
0.00035829,0,0.062783,0,0,0,0.0019339,0,0,0.0018988,0,0.0059103,0,0,0.0026931,0
0,0.00043443,0.024347,0,0.0029729,0.0059244,0,0.0071299,0.00076643,0.0008514,0.013989,0.0020164,0.0036243,0.0080446,0,0.00083619
0.0008761,0.00083663,0.0093818,0,0.0019958,0.00046279,0,0.0055683,0.0025545,0.0037165,0.0074018,0,0,0.0038622,0.003795,0
0,0.0016214,0.0021643,0.014862,0,0.016293,0.0019115,0.0025472,0.0053856,0,0.0086078,0.00095563,0.0041178,0.0048761,0,0
0.012247,0,0.087697,0,0.0071006,0,0,0,0.00048168,0,0.0059227,0,0.01159,0,0.0016722,0
0.00020359,0.0080785,0.013642,0.0014977,0.0037888,0.00075497,0,0,0,0,0,0,0.0029623,0.0082351,0.00013395,0
0,0,0.0086883,0.0027578,0.011001,0,0,0.0067763,0.0029979,0.00076617,0.0049319,0.0013225,0,0,0,0
4.1817e-05,0.0022683,0.063025,0,0.00073267,0.00019874,0.0031609,0,0.0028511,0.0010361,0,0.0061755,0,0.0028736,0,0
0,0,0.073692,0,0.0017249,0,0.0036395,0,0,0,0.00048155,0.0062294,0,0.0010542,0,0.0013057
0.0019549,0.013683,0.013779,0.0049284,0,0.001295,0.0021106,0,0.0043806,0.00059524,0.0015088,0.0021681,0,0,0,0.0023274
0.00047363,0.0034092,0.010456,0,0.00091017,0.0060071,0,0.0028493,0.002157,0.0012317,0.017903,0.0017574,0,0.0061355,0,0
0.0070623,0,0.090871,0,0,0,0.0072393,0.0013771,0.0037412,0.0047949,0,0.0092316,0.0067173,0.0018973,0.0048199,0
0.0076166,0.018507,0.010877,0,0.010493,0.0047991,0,0.010481,0.0014631,0,0.0044709,0,0.0092458,0.0028441,0,0
0.0033509,0.00099365,0.0051502,0.0022332,0.0068815,0.001305,0,0,0,0,0.0018273,0,0.0018067,0.0042658,0,0
0,0,0.018916,0,0.011572,0,0,0.0062098,0,0,0,0.00056618,0.0036226,0.007646,0,0
0.011614,0.010582,0.025198,0.0094855,0.033305,0.0039996,0,0.032302,0.0049152,0,0.030229,0,0.0045602,0.0012086,0.0040563,0.00509
0,0.00013684,0.019124,0.006583,0,0.0020471,0.0038875,0.0025772,0.0012219,0,0.0040612,0,0.0069828,0.0044485,0,0.0032563
0,0.0029006,0.074896,0.027877,0,0,0,0,0,0,0,0.00038011,0,0.007254,0,0
0.00656,0.0021317,0.0031989,0.0052352,0.010262,0.0084284,0.003743,0.018794,0.023738,0,0.025636,0,0,0.004948,0,0
0.0082622,0.01001,0.071785,0,0.0066106,0,0.00057179,0.0075284,0,0,0.0018913,0.0028901,0,0,0,0
0.0066156,0.0064648,0.021837,0.001816,0.023609,0.00084097,0,0.015147,0,0.0054874,0.0020966,0,0.00074358,0,0.0024751,0.0054035
0,0,0.047474,0.0048081,0,0,0.00054518,0,0,0.0025302,0.012072,0.0054174,0.0056388,0.0046316,0,0
0.015406,0.009464,0.074818,0,0,0,0.0063564,0,0.0080002,0,0,4.1468e-05,0.0003394,0,0.0075848,0
0.010303,0.0056323,0.073957,0.0026784,0.0060968,0.0096726,0,0,0,0,0,0,0.0032984,0.0024232,0,0
0.0045729,0,0.0083054,0.0097096,0.026437,0.013828,0.0044698,0.0073378,0.009701,0,0.012256,0.003721,0.018157,0.0024979,0.0037583,0
0,0.0035003,0.0044127,0,0,0,0.0011662,0.0063321,0,0.00090319,0.0094903,0.0012851,0.0049842,0,0,0.0019495
0.0084136,0.010893,0.022592,0,0.001505,0.013418,0,0.006687,0,0,0.0055939,0,0.00061858,0.0064544,0.0016425,0
0.0035968,0.019721,0.0095829,0.0018945,0,0.0038694,0.002553,0.0054055,0.006204,0,0.0033326,0.0032394,0,0.012982,0.0088571,0.0057799
0,0.0036701,0.010541,0.010644,0.0038513,0,0,0.015429,0.0063026,0.0048835,0,0.0040653,0.0021057,0.007377,0.014201,0
0.0025678,0,0.0031845,0.0016398,0.00042184,0,0,0.0096327,0.0029804,0.0022244,0.013976,0,0,0.0067753,0,0
0.012031,0,0.073873,0,0,0.0035139,0.0067475,0.0023335,0,0.0087198,0.0012468,0.010873,0,0.0031647,0.030919,0
0,0.00038848,0.0366,0,0.0099491,0.019527,0,0,0,0.0051434,0.0017006,0,0.0098945,0.02417,0,0
0.0031562,0.010929,0.022012,0.0079336,0.010263,0.0040748,0,0,0.0016502,0,0,0,0.0092164,0.0058445,0,0.0054199
0.012455,0.028919,0.1056,0,0.011516,0.013046,0,0.00035633,0,0.00458,0,0.017314,0,0,0,0.0077123
0,0,0.0080681,0,0.00020356,0.0036678,0,0,0,0.0001366,0,0,0,0.0042336,0,0.00088835
0.0015366,0.0020057,0.0072865,0.0055723,0.0075837,0.013265,0,0.0049768,0.0066941,0.0014326,0.0041174,0.0024609,0.0063061,0.0076668,0,0.00017895
0.016609,0.016745,0.014448,0.015975,0.010599,0.052237,0.0061512,0.048271,0.0028718,0,0.0085989,0,0.046942,0.016707,0.0032722,0
0.0029423,0.0026095,0.0076494,0.0034675,0,0.0022632,0,0.004336,0.0012833,0,0.0024766,0,0.0026838,0.0031495,0.0045635,0.0020605
0.0074609,0.010923,0.015915,0.0039904,0.01784,0.0064694,0,0.0031038,0,0.016596,0.0039937,0,0.0078532,0.016858,0.027476,0.0067365
0.0021202,0,0.077535,0.007257,0.0044959,0,0.0030659,0,0,0,0,0,0,0,0.0022318,0
0,0,0.0076372,0.011979,0.0055083,0.0067705,0,0.0081973,0.0030106,0.0033396,0,0.00048279,0,0,0.0071805,0.00154
0.0034055,0,0.0028122,0.0059523,0.010278,0.0084604,0.0026831,0.0011304,0.0078904,0.0016302,0.014383,0,0.0029122,0,0.012817,0
0.0092353,0,0.07349,0,0,0.0025153,0.0062379,0.0020045,0,0,0,0.0092648,0,0,0.019728,0.0017886
0,0.015421,0.013157,0,0.0024503,0,0.0025989,0.0095617,0.0019989,0.00061096,0.0053739,0.001448,0,0.0032685,0,0
0.0026175,0.0026396,0.0090501,0,0.0050156,0.0017797,0,0.0038189,0.0011937,0.0027444,0,0,0.0067411,0.0074145,0,0
0,0,0.0064481,0.0053725,0.019199,0,0,0,0.0019794,0.0010935,0.0057196,0.0019523,0.0069869,0.0033412,0,0
0,0.0096766,0.09332,0,0.0090924,0.013418,0.0078746,0,0,0.0023983,0,0.01131,0,0,0,0
0.015422,0,0.076311,0,0,0,0.0051483,0,0,0,0.00068451,0.00032979,0.0015712,0,0.014594,0.0032267
0.002072,0.0076523,0.018827,0.024384,0.0031953,0.02316,0,0,0.0096362,0,0.0066773,0,0.0083783,0.00070363,0.0019797,0
0.0031737,0,0.066765,0,0,0,0.0024869,0.0043248,0,0.0020044,0,0.0072518,0,0,0,0.0001234
0.0052124,0.004066,0.013303,0.010198,0.0028941,0.0057956,0.0042093,0,0.0053989,0,0.020319,0,0.010437,0,0.0044938,0.0021314
0.0026648,0,0.063675,0.0008034,0,0.0037783,0,0,0.0022733,0,0,0.0060365,0,0.0050059,0.012188,0
0.0050089,0,0.090652,0.00049834,0.0051549,0.0021011,0.0048489,0.0047367,0,0.002562,0,0.010082,0,0.0020145,0,0.0034107
0.0078577,0.028133,0.028618,0.031899,0.03746,0.0068266,0,0,0.02146,0,0,0,0.0026662,0,0,0
0,0,0.067946,0,0.0013855,0,0.00025474,0,0.00021806,0.0014131,0,0.0071749,0.0012693,0,0,0.0041671
0.012453,0.0056897,0.016212,0.0047784,0.0029217,0.0036713,0.0032405,0.0021107,0,0,0.0048034,6.0662e-05,0,0.0032365,0,0.0007982
0.005026,0,0.011602,0,0.00012415,0,0.0015553,0,0,0,0,0.00029459,0.0054482,0.0067795,0,0.0020487
0.010163,0,0.093999,0,0,0,0.0079597,0.0043893,0.0019443,0,0,0,0.0069811,0,0.0037109,0.0022792
0.0013108,0,0.074746,0,0,0.0016872,0,0,0.0024256,0.0057052,0.00037983,0,0,0,0,0.0001014
0,0.0062335,0.011679,0.034617,0.012047,0.0046548,0,0.0063348,0.0034365,0,0.026596,0.0011752,0.0027022,0.00090034,0,0
0.0026337,0,0.012282,0,0,0,0.0067669,0.008248,0,0.12007,0,0,0,0,0,0.0058064
0.0032692,0.0037988,0.019732,0,0.006351,0,0.0043524,0.019006,0.0045192,0,0.00055103,0.0032832,0,0.017602,0.0033195,0
0.0028421,0.0028556,0.013225,0.011734,0,0,0,0,0,0.0024449,0.0035859,0,0,0.017011,0,0.0037701
0,0.0011017,0.0062138,0,0.0095198,0,0.0014708,0.003882,0.001424,0,0.0032041,0.00112,0,0.0056123,0,0
0.0024548,0.0040158,0.010603,0,0,0,0.0019502,0.0063892,0,0.00096949,0.0076972,0.0018079,0.0085283,0.005843,0,0.00297
0.0038856,0,0.046964,0,0.010948,0,0,0,0.0001304,0.0042489,0,0,0.0089473,0,0.0027465,0
0,0.0035475,0.074892,0.00072943,0,0,0,0,0.0023267,0.0042375,0,0.0076903,0,0,0.0098144,0
0,0.00046207,0.01856,0.010125,0,0,0.0022278,0.0026664,0.0029262,0,0,0.0015097,0,0.005822,0,0
0.00043268,0.0087486,0.028316,0,0.0093316,0.022837,0,0.014827,0,0,0.0064577,0,0.00024949,0.012049,0.00081207,0
0.00073404,0.0031854,0.0071458,0.0066166,0.012185,0.0012248,0,0.0077683,0,0,0.0097212,0,0.0015692,0.0089427,0.0018269,0
0.0026016,0.0030564,0.094849,0.0026246,0.0031639,0,0.0077584,0,0,0.0024554,0,0.0092645,0,0,0,0
0,0.0001031,0.047974,0.0012233,0.0093648,0.010875,0,0,0.003372,0,0.0022802,0.001552,0,0.0020574,0,0
0.003912,0,0.067239,0,0,0,0,0,0.001456,0.0022466,0,0.0062898,0,0,0,0
0,0,0.056583,0,0.00060174,0,0,0,0,0,0,0,0.0031025,0,0,0
0,0,0.009183,0.0072429,0,0,0.0011131,0,0,0,0,0.001285,0,0.023615,0,0
0.0048013,0.015669,0.0087526,0,0.014901,0.0053638,0.0033973,0,0,0.0020831,0.005773,0.0027679,0.0031477,0.024262,0,0
0,0,0.092161,0.00024685,0,0,0.0051166,0.0017949,0,0,0,0.0085205,0,0.00039543,0,0.0061823
0.013716,0,0.075831,0.0095977,0.017247,0,0,0,0.0055264,0.0037989,0,0,0,0.0057047,0.0057955,0
0,0,0,0,0,0,0,0.98261,0,0.0053984,0,0.020531,0,0,0,0.0057848
0.0058928,0.0010324,0.0054621,0.00073652,0,0.0076091,0.0034288,0.015597,0.00038835,0,0.024689,0,0.0020379,0.020679,0.0062782,0
0.0066389,0.0022751,0.0040362,0.0064368,0.0047122,0.012217,0,0.0073347,0.0026704,0,0,0,0,0,0,0
0.0052376,0,0.0070844,0.0074381,0.0051074,0.0056159,0,0,0,0.0034201,0,0,0,0,0,0.001523
0,0.0057154,0.0061013,0,0.0082104,0.0078259,0,0.0048924,0.0020107,0,0.007701,0,0.0025796,0.0056508,0.0056263,0
0,0,0.020539,0.0027938,0,0,0.003288,0.01651,0.0039966,0.0050306,0.0045238,0.0035066,0,0.0061138,0.013912,0.0050494
0,0,0.0047914,0.0025403,0,0,0.00093518,0,0,0,0,0.00029136,0,0.016295,0,0.0010903
0.011227,0,0.084408,0,0,0,0,0,0,0,0,0.0080553,0,0.00089583,0,0.0050841
0.002182,0,0.08347,0.00032899,0,0,0,0.0035331,0.00019785,0.0060727,0.0050229,0.0014703,0,0,0.00024274,0
0.0014668,0,0.031968,0.0034358,0,0,0,0.0054677,0.015667,0.0036445,0,0,0.003424,0.01066,0,0
0,0.0044657,0.020374,0.0031478,0,0,0,0.012208,0,0.0010998,0.010372,0.0032526,0,0.0041962,0,0.0045512
0.0045873,0,0.081667,0,0.0017653,0.0051067,0,0,0.00097882,0,0.0034752,0,0,0.022052,0,0
0.0041279,0.0042764,0.012009,0,0.0041873,0.0050128,0.0037125,0,0,0,0,0,0.0093765,0.022449,0.0053605,0
0,0.0045408,0.00090095,0,0.0055451,0,0.00064689,0,0,0.0004074,0.0054638,0.00081442,0,0,0,0.0009064
0,0,0.076926,0,0,0,8.3539e-05,0,0,0,0,0.0065726,0,0,0,0.005236
0,0.010135,0.014482,0.004513,0,0,0.0020642,0.013149,0,0.00062198,0,0.0029883,0,0,0,0.0032086
0.010991,0.024603,0.01155,0,0.014416,0,0,0.013221,0.00015533,0.0025071,0.019932,0.004912,0,0,0,0
0.00022094,0.00090431,0.076031,0.001047,0.0258,0.00040545,0,0.0021517,0,0,0,0,0,0,0.00018517,0.0022884
0,0,0,0,0,0,0,0,0,0.0061081,0,0.005675,0,0,0,0.002034
0,0.0089718,0.020787,0,0,0.0058368,0.0028432,0.0047852,0,0.00017552,0,0.0016533,0,0,0,0.0028869
0.0016039,0,0.070628,0.014168,0,0,0,0,0,0,0,0,0.012578,0,0,0.00078398
0.015757,0.0045997,0.027712,0.01497,0,0.0086459,0.0060809,0.013859,0.0059468,0.0043203,0,0,0,0.011839,0,0
0.0015929,0.006269,0.0090996,0,0.021712,0.020992,0,0,0,0,0.0078092,0,0.0080116,0.0147,0.0029856,0
5.7319e-05,0.0068045,0.10183,0.0061358,0,0,0.0049506,0,0.0038081,0,0,0.0092848,0,0,0.0021134,0.011711
0,0.020323,0.01084,0.0032121,0,0.0042665,0,0.016035,0.0028858,0.0017699,0.0038528,0.003827,0,0,0,0.0052244
0,0,0,0,0,0,0.0018689,0,0,0.0026871,0,0.0059093,0,0.9814,0,0.012837
0.0015942,0.0055771,0.025599,0.0067408,0,0.0035079,0.0038234,0,0.0034852,0.0016373,0,0.0022963,0.0068444,0.0029522,0.003105,0.0048693
0.0097623,0.0014886,0.1001,0,0,0,0,0,0.00092929,0.0010196,0,0.0013671,0,0,0.014361,0.010452
0,0.009799,0.0037531,0,0,0,0.00075545,0,0.0035931,0.00056787,0.0061091,0.0007279,0,0,0.00016254,0.00022098
0.014725,0.003651,0.01262,0,0.00088608,0.010139,0.0055774,0.010783,0.0019017,0,0.0053283,0,0.0067521,0.014136,0.024264,0
0,0.0019535,0.0079943,0,0.0032416,0,0.0016556,0.0035139,0.0026087,0.00084211,0.020321,0.0014952,0,0,0,0
0.0021291,0.0072015,0.072787,0.00044815,0,0,0.0027502,0,0,0.0021333,0,0.0089464,0,0,0,0.0018628
0.0035874,0,0.015801,0,0.00055655,0,0.001772,0.010075,0,0.00032638,0.0042355,0.0021639,0,0.0037812,0,0.0024773
0.00024802,0,0.091671,0,0,0,0.0048675,0.0095052,0,0,0,0.010277,0.0019835,0,0.0044407,0
0,0,0.13593,0.010202,0.0009697,0,0,0,0.00089107,0,0.017434,0.0043907,0.0040301,0,0.0036921,0.013836
0.010816,0.0029104,0.082108,0,0.0011136,0,0,0,0.00098978,0,0,0.0013161,0,0.0031426,0.0092079,0.0037635
0,0.0028498,0.072755,0,0.011267,0,0.0025001,0.003732,0.0011094,0.005433,0,0.00092323,0,0,0.0014791,0
0.014873,0,0.081467,0,0,0,0,0.00031909,0.00076682,0.0087354,0,0,0,0,0,0
0.0010935,0,0.082227,0,0.00078269,0.0039446,0.0051622,0.0027491,0,0.0049525,0.00095019,0.01141,0,0.0019748,0.0067779,0.0038785
0.007294,0,0.0011459,0.018793,0.0045315,0.0023258,0,0.0041444,0.0011847,0,0,0.00061648,0,0.0029251,0.012705,0.0023732
0.008501,0,0.073655,0,0,0,0.0007667,0.0049857,0,0,0,0,0.0028638,0.0082312,0,0.0023045
0.0025089,0.012836,0.023042,0.0098331,0.0017316,0.0033002,0.005365,0.015257,0.0022408,0,0,0,0,0,0,0
0,0,0,0.98872,0,0,0.0062579,0,0,0.0021019,0,0.004018,0,0,0,0.016445
0.0059706,0,0.00074396,0.00022663,0.0016343,0.026549,0,0.0047009,0.0060902,0,0.0038143,0,0.0080149,0.016262,0.013926,0
0,0,0.0029148,0.0027706,0,0,0.00083191,0,0,0.00057685,0.012054,0.00038479,0.00012908,0,0,9.771e-05
0.0036991,0.0012007,0.003469,0.02221,0.023025,0.0042029,0.00041559,0,0.010743,0,0.032995,0,1.2167e-05,0.0064075,0,0
0,0.019682,0.021664,0.0053235,0.0019283,0,0.0053329,0.015699,0.0082219,0,0,0,0.0036907,0.00089744,0.01467,0
0.015299,0.0001798,0.012924,0.014979,0.0094678,0.043843,0.003863,0.020212,0,0,0.029857,0,0.018092,0.024636,0.0026312,0.0083922
0,0,0.005202,0.0033304,0,0.0032925,0,0.0050204,0.0048036,0,0,0.00065494,0,0,0.0069825,0.0017462
0,0,0.067394,0.0021925,0.0017773,0,0.00037105,0,0.00050611,0.0016099,0,0.0067836,0,0,0,0.003682
0,0,0.064618,0.0089407,0,0,0,0,0,0.0041999,0,0.0066963,0,0,0.0079185,0
0,0,0.0010655,0.0039251,0,0.0089453,0.00038805,0,0,0.0001846,0,0.00055239,0.0056537,0,0,1.6058e-05
0,0.00018309,0.0046439,0.0069776,0.012186,0,0.0019168,0.005638,0.0040952,0.00088649,0.0054306,0.0013368,0.0042576,0.003405,0,0
0,0,0.032915,0,0.017314,0.018466,0.0022113,0.0077566,0.01139,0,0.011491,0.0014357,0.0025264,0,0,0
0,0.035119,0,0.002601,0.0038,0.045097,0,0.008882,0.039363,6.4814e-05,0,0,0,0.0032575,0.041694,0
0.0024249,0.0027343,0,0.0030922,0.00088588,0.024982,0,0.015259,0.019476,0,0.027441,0.0037854,0.040626,0.0027347,0.015166,0
0.0053739,0,0.09163,0,0.050136,0,0.0072261,0.015956,0.0068847,0.0081164,0.0038488,0,0.012281,0,0.0090153,0
0.013087,0,0.074946,0,0.0015072,0,0.0048124,0.0014397,0,0,0.0036999,0,0,0,0,0.0031679
0,0,0.0024213,0,0,0.0078636,0.00084216,0,0.004473,0.0010379,0.0077751,0.00065829,0,0,0.0056663,0.00081084
0.012533,0,0.010591,0,0.0040985,0.012983,0,0.0043526,0.00046078,0.0079396,0,0,0,0.011169,0.017432,0
0.00030845,0.0036609,0.01162,0.00076263,0,0.013797,0.00056735,0.0089861,0.0094913,0.0015514,0.018184,0.0017881,0.0071457,0,0,0
0.0013267,0.0014756,0.059737,0.00095065,0.0035593,0.0026155,0.0049838,0.0075987,0.0014023,0.0041798,0.0026685,0,0.0012484,0,0,0
0.0025485,0,0.044807,0,0.00062425,0.014213,0,0,0.0007312,0.005773,0.0028868,0,0,0,0.019428,0
0,0.0036878,0.0080341,0,0.0044524,0,0,0.018069,0.0032097,0,0.0055877,0.00029474,0,0,0,0
0.0078829,0.00025291,0.0060173,0,0.0024523,0.018648,0.0026203,0.0073296,0.0057012,0,0.0052519,0,0.0056073,0.012537,0.0048426,0
0,0.0015247,0.0088481,0.015968,0.0042526,4.2144e-05,0,0.0035926,0.0037607,0,0.0085965,0,0,0.002909,0,0
0.0039252,0.0043955,0.0015314,0,0.0021432,0.0063946,0.0019696,0.0089945,0.010852,0,0.018021,0.0022378,0,0,0,0
0,0.0052934,0.0053436,0.0062103,0.00057772,0.0039159,0.0023083,0.0041093,0.0021127,0.0040252,0.0030986,0,0,0.0053606,0.0065537,0
0,0,0.044337,0,0.01124,0,0.0032933,0.0020781,0.0011031,0.0023817,0.0048701,0.00059639,0,0,0,0
0.0045286,0.003973,0.011577,0.0029002,0.012937,0,0.0027566,0.00319,0.0004232,0.0006788,0.0018183,0.0018181,0,0,0,0
0,0,0.013129,0,0,0.0094118,0.0020169,0,0,0.0044105,0,0,0,0.0061277,0,0.0019186
0,0,0,0,0.98159,0,0.0036214,0,0,0.0053123,0,0.0080752,0,0,0,0.0029013
0,0,0.012738,0,0,0.0029471,0,0.004258,0,0.0027511,0,0.00089574,0.0032097,0.0024674,0.0080201,0
0.011526,0,0.0086124,0.0093586,0.0090108,0.016574,0.00037131,0.0025121,0.015142,0,0.0011496,0,0.0014453,0.0037169,0.022975,0
0.0044644,0.0046528,0.0039029,0,0,0,0,0,0,0,0,0.0011454,0,0.0053057,0.0080633,0
0.0076472,0,0.0473,0.00049191,0.0048314,0,0.0038846,0,0.00031922,0,0.004198,0.00034116,0.0016662,0.010303,0,0
0,0.0029341,0.014974,0.0024474,0.007031,0,0,0.0044672,0,0.0025507,0.016883,0.0020356,0.01285,0.010672,0,0
0.0077573,0.0014111,0.0090178,0.012728,0.014101,0.020014,0,0,0.014032,0.0040279,0.040328,0,0.012868,0.010252,0.000598,0
0.0065448,0.0010932,0.065403,0,0,0,0.0041841,3.5666e-05,0.0029092,0,0,0.00054918,0.0022093,0,0,0
0,0,0.0091976,0.0031988,0,0,0,0.0034292,0,0.00084749,0,0.0015124,0,0.038579,0,0.0024741
0.0076484,0,0.083263,0,0,0.00037996,0.0080487,0.0088664,0.001786,0,0.008988,0,0.00070112,0.00019609,0,0
0.0047602,0.0015559,0.012294,0.017988,0.016001,0.0036209,0.0043067,0.0082843,0,0.0051831,0.0074768,0,0.0025946,0.0036811,0.0039406,0
0.0066811,0.0077163,0.082992,0,0,0,0,0.0084585,0,0.010304,0.0021641,0,0.012021,0.0020593,0,0
0.98847,0,0,0.00045766,0,0,0,0,0,0.0072988,0,0.0095629,0,0,0,0.0033853
0.0047597,0,0.091812,0.0061394,0.0040046,0,0,0,0,0,0,0,0.00051247,0.00071944,0,0
0,0,0.06318,0.0024201,0.0020262,0,0,0,0,0.0017664,0,0.0064158,0,0.015028,0,0.0058139
0.00098088,0,0.0032956,0.0061841,0.0035253,0.015581,0.002373,0.00025155,0.0014754,0,0.035604,0,0,0,0,0
0,0.0068012,0.023971,0,0.0037852,0.0036983,0,0.0048696,0.0034791,0.0065959,0,0,0.0051718,0.0040029,0.0047146,0
0,0.009264,0.0038901,0.0026269,0.0050936,0.010777,0,0.0011102,0.015303,0,0.012137,0,0.021057,0.0071987,0,0
0.01143,0.00065135,0.0039777,0.0053487,0,0,0.0030027,0.0035578,0,0,0,0,0.01494,0,0.023454,0.0036094
0.00055108,0.010843,0.015539,0.0032247,0.016551,0,0,0.0041644,0.0049336,0,0.014372,0,0.0010149,0.012071,0,0
0.0041967,2.2124e-05,0.027531,0.0044178,0,0.009134,0,0.003166,0,0.010373,0,0,0,0.003832,0,0
0.0027585,0.00015444,0.013044,0.005883,0.0060297,0.0051248,0,0,0.0033828,0,0.0017359,0,0.0065186,0.0077477,0,0
0.013337,0.01676,0.061455,0,0,0,0.0013608,0.022094,0,0,0.0009639,0.0022159,0.010013,0.0066627,0.0031606,0.0035343
0.0043944,0.00073555,0.0011591,0.001485,0.0030199,0.0077956,0,0.0039233,0.0090562,0,0.013313,0,0.0089107,0.0041158,0,0
0,0.016067,0.070475,0,0.012508,0,0.0054945,0.0149,0.00060579,0.0039473,0.0052512,0.0040635,0,0.0023235,0,0.00026636
0,0.00091878,0.019708,0.0065482,0.0099541,0.006508,0.0046288,0.0011762,0,0,0.0095791,0.0013396,0.0066242,0.012429,0,0
0,0.00030622,0.011478,0,0.016796,0.011866,0.0030513,0.0018728,0.0062906,0,0.026679,0.0023395,0,0.0029323,0.0034624,0.00023804
0,0.0011399,0.059032,0.016282,0.0094358,0,0,0.019605,0.013082,0.00078566,0.0032952,0,0.010352,0.00086209,0.0074519,0
0.0017122,0,0.075911,0.0053677,0,0,0.0032401,0,0,0,0,0.0081454,0,0.0002128,0.0076652,0.0044269
0.0079611,0,0.077823,0,0.00017947,0,0.0023763,0.0038469,0,9.481e-05,0,0.0022129,0,0.0054482,0.009918,0.0072633
0.0010677,0.0023187,0.014908,0.0013266,0.004874,0,0.0045735,0,0.005372,0,0.016875,0,0.012874,0.01427,0.0099638,2.7586e-05
0,0,0.091616,0.0031201,0,0,0,0,0,0,0,0.0083926,0,0,0,0.0053879
0,0.0015868,0.007333,0.029459,0.0067732,0.022098,0,0.014363,0,0.0055236,0.033385,0,0.017557,0.0082345,0.01207,0
0.0024619,0.00032357,0.010731,0.00095402,0.02751,0.029814,0,0,0.014512,0,0.011091,0,0.013794,0.0021734,0.018387,0.0042521
0.003236,0.0022121,0.012519,0,0.011387,0,0,0,0.0039299,0,0.010757,0,0.014649,0.0044653,0,0.0023054
0,0,0.086258,0.0041144,0,0,0.002668,0.0050578,0,0.0023898,0,0.0086479,0,0,0,0.0052668
0,0.0018852,0.01404,0,0,0,0,0,0.0013308,0,0.0085716,0.00062442,0,0.0038803,0.0061009,0
0,0.012309,0.08599,0,0,0,0.00027451,0.0039854,0,0.0039932,0,0.0012059,0,0.0024728,0,0
0,0,0.0027907,0.0050234,0.00021523,0,2.6717e-05,0,0,7.4345e-05,0.0042627,0,0,0,0,0.0004847
0,0,0.064925,0.0017218,0,0,0,0.0029596,0,9.0016e-05,0,0,0.0011583,0,0.0011892,0.0061605
0.003633,0,0.011532,0.0031437,0.00013343,0.0027488,0.0016357,0.0002581,0,0.00058525,0,0.00018692,0.007183,0.004474,0,0.0018546
0.008907,0,0.002262,0.0034261,0,0,0,0,0,0,0.0039484,0.000399,0,0,0,0.0008624
0.0041479,0,0.010301,0.011808,0.004913,0,0,0,0,0.0021769,0,0.0017993,0,0.0084688,0.0051958,0.0028777
0,0,0.1072,0,0,0.0088625,0.0021713,0,0,0.0097415,0,0,0,0,0.0016741,0.0075532
0.0030296,0,0.056327,0,0.0081177,0,0.0035763,0,0,0,0,0,0,0.0031354,0.0030243,0.0050934
0.0006338,0.00064289,0.023082,0,0.033475,0.00014718,0,0.00074837,0,0,0.0020231,0,0.0033276,0.00075481,0.0014094,0
0,0,0.013306,0.0030968,0,0,0,0.020315,0,0,0,0,0.001825,0.0071316,0,0.0030288
0,0.0041968,0.079732,0.010114,0,0,0.0030542,0,0,0.0043407,0.0069563,0.00050517,0,0,0,0
0.004405,0.01255,0.006709,0.0051924,0,0.0038018,0.0015356,0,0,0,0,0,0,0,0,0.0021158
0,0.0060115,0.0052322,0,0,0.01172,0,0,0.0034837,0.0002224,0,0,0.0060116,0.0072254,0.01979,0.001712
0,0,0.022492,0,0.0051702,0,0,0.007773,0.0051447,0,0.0093758,0,0,0.0053884,0,0
0.0010416,0,0.0019531,0.0035557,0.0021229,0.015262,0,0,0.018479,0.0050728,0.010521,0.0023183,0.003738,0,0.022776,0
0,0.0095505,0.0022399,0.0042167,0.0044958,0.005605,0.0016747,0.0037997,0.010247,0.00463,0.0050555,0.001907,0,0,0.023458,0
0,0.0054749,0.013682,0,0,0.0036894,0,0.0082975,0,0.00079005,0,0.0010182,0,0.0035953,0,0.0017749
0.017319,0,0.084597,0.0051411,0,0.0038853,0.0057417,0.00077746,0,0.0028386,0,0.012011,0,0,0,0
0,0,0.0089831,0,0.00042322,0,0.00055641,0,0,0.00023506,0.0027948,0.00015756,0,0.00696,0,0.0012593
0.0016253,0,0.0056688,0.0028225,0.002476,0,0.0018674,0.00039586,0.0026934,0,0.0066597,0,0.0033477,0,0.0053076,0
0,0,0.080246,0,1.2222e-05,0,0,0,0,0,0,0.0065367,0,0,0.0038892,0.0037841
0.0067285,0,0.072661,6.2848e-05,0.0019526,0,0.0038603,0.00030835,0,0.0034585,0,0.0084414,0,0,0.003291,0.0053875
